Post Time,Post Title
2025-05-03 20:46:20,Spain’s Power Crisis Shakes Investor Confidence: Goldman Sachs Warns of “Major Energy Policy Shift”
2025-05-03 10:30:07,"New research suggests the world may have reached a “tipping point,” making solar power inevitably our primary source of energy"
2025-05-03 00:52:54,"Jennifer Granholm: For Real Energy Dominance, We Need the IRA. Saying that the U.S. is striving for energy dominance except in the clean energy sector is like opening a steakhouse and forgetting the meat. What happened to “all of the above”?"
2025-05-03 00:40:38,Venezuela Desperate For China To Buy More Oil
2025-05-02 23:04:44,"Discover how solar water desalination converts salt water into drinkable water using solar energy, an eco-friendly solution to water scarcity."
2025-05-02 22:19:12,"Study: World faces choice of climate catastrophe or a 20-30-year ""energy diet"" as renewables catch up to demand"
2025-05-02 21:11:17,Energy summits
2025-05-02 20:40:58,Argentina Confirms $7 Billion LNG Export Project with Two Floating Terminals by 2028
2025-05-02 16:03:12,"From sundown to midnight, batteries were the largest source of energy on the CA grid"
2025-05-02 13:40:33,Oil and gas policies India
2025-05-02 11:11:17,"Change your energy, change your life"
2025-05-02 10:53:14,Ohio Supreme Court decision allows solar company to build $350 million energy farm in northwestern Licking County
2025-05-02 06:53:34,Woodside Energy approves $17.5 billion Louisiana LNG project
2025-05-02 04:09:11,Reversible heat pump thermal energy storage for solar
2025-05-01 21:26:48,"Trump’s War on Clean Energy Already Destroyed or Threatened 62,000 American Jobs, With Nearly 400,000 at Risk. In just 100 days in office, Trump’s chaotic tariff and energy agenda has begun reversing two years of Biden's clean energy manufacturing boom."
2025-05-01 21:18:11,"Trump promised to slash energy prices. 100 days in, they’re up—and expected to keep rising. Experts say Trump’s energy policies—like inhibiting renewables, canceling energy assistance programs, and enacting widespread tariffs—are to blame. “self-inflicted wounds done by the new administration."""
2025-05-01 20:39:50,Equinor considers suing Trump administration over halted US windfarm
2025-05-01 19:18:15,Redeia President Defends Energy System Reliability Amid Blackout
2025-05-01 18:58:56,Trump’s Energy Secretary Baselessly Blames Spain’s Power Outage on Renewables | Scientific American
2025-05-01 16:42:04,CGD projects India
2025-05-01 13:59:36,Datasets on Energy prices needed
2025-05-01 02:48:03,"Discover how wave energy, a powerful renewable source, helps reduce dependence on traditional energy, preserve the environment, and cut emissions."
2025-05-01 00:47:09,North Carolina factories and mills cool on clean energy transition
2025-04-30 22:42:57,What's the point of renewable energy?
2025-04-30 21:11:48,"Oil industry that Trump wants to ‘drill, baby, drill’ has taken a beating since he took office. The S&P 500 energy sector has fallen more than 11% since Jan. 20, more than the broader market’s decline of nearly 8%. Executives are scathing in their criticism of Trump’s policies."
2025-04-30 19:56:17,An energy superpower? Canada's Oilpatch skeptical of Prime Minister Carney's support for the sector
2025-04-30 08:22:34,Renewable energy economics
2025-04-30 07:02:10,can trump actually kill clean energy?
2025-04-30 05:53:44,"UK: Warning RTS electricity meters in 300,000 homes could stop working"
2025-04-30 02:00:15,5 Charts to Help Make Sense of Trump’s First 100 Days
2025-04-30 00:14:59,Trump wants to kill clean energy. California legislators are about to help him
2025-04-29 22:51:15,"Green energy supporters pushed for faster permitting. Trump is doing it, but not for solar or wind, the fastest growing sources. He is using “a fake energy emergency” to strip away safeguards. “In a real emergency, you would want to be pouring electrons onto the grid from any source you could find.”"
2025-04-29 18:16:02,Spain and Portugal Blackout Sparks Energy Security Concerns Across Europe
2025-04-29 16:07:44,"Why did the lights go out in Spain and Portugal? -- ""And what does it mean for Europe, its power grids and its electricity?"""
2025-04-29 07:20:53,"New York lawmakers are moving to shut down Tesla sales across the state. Bill would strip Tesla of its right to sell directly to customers in retaliation for the Trump/Musk admin ""killing all funding for EV infrastructure, killing wind energy, killing anything that might address climate change."""
2025-04-29 06:58:36,"Trump’s efforts to split Europe and China on clean energy fall flat. At a 60 nation summit on energy security last week the Trump team argued that the world is better off embracing fossil fuels than pursuing a clean energy future. It was met with a shrug. “It was ideology versus reality."""
2025-04-29 02:44:00,Crude oil futures end week lower as market eyes potential for increased supply amid OPEC+ tiff
2025-04-29 01:21:49,"Discover how ultra-thin solar cells, thinner than paper, developed at MIT and Japan, are revolutionizing energy with flexibility and innovation."
2025-04-29 01:07:10,Energy Delusions: Peak Oil Forecasts - National Center for Energy Analytics
2025-04-29 00:11:19,Energy Resources and Our Future
2025-04-28 21:06:40,Net Zero: How Clean Energy Can Make a Greener Future
2025-04-28 19:25:27,Trump officials pressure world’s top energy agency to drop climate mission
2025-04-28 17:55:30,Blackout in whole Iberian peninsula right now
2025-04-28 07:42:10,LNG companies say they cannot comply with Trump rules on Chinese ships
2025-04-28 00:34:35,Energy transition: the end of an idea
2025-04-27 18:50:23,Discover how transparent solar panels convert sunlight into electricity while keeping natural light visible. Perfect for windows and glass facades.
2025-04-27 16:30:27,RENWEX
2025-04-27 16:03:22,"Engineers out there, Is masters in energy management worth it for petroleum engineers!?"
2025-04-27 14:37:31,Big Tech's soaring energy demands are making coal-fired power plant sites attractive
2025-04-27 00:56:27,"Renewable Energy in Europe: Progress, Innovations, and Challenges"
2025-04-25 23:49:03,"Britain will find ‘common ground’ with US on energy policy, says Miliband"
2025-04-25 20:25:04,Trump officials pressure world’s top energy agency to drop climate mission. Trump officials are attempting to block the world’s most important energy research agency from producing data that favors renewable power over fossil fuels. Irked European officials pushed back against the US pressure.
2025-04-25 20:15:12,"Chart: Trump is killing the country’s clean-energy manufacturing momentum. In the first three months of this year, firms canceled nearly $8 billion worth of US energy projects, mostly factories, in a dramatic turn from the Biden era. Trump’s attacks are taking a toll on the US manufacturing boom."
2025-04-25 09:52:11,"White House debates lifting sanctions on Russian energy assets, Nord Stream"
2025-04-25 02:27:44,‘The World Is Moving Forward’: UN Chief Says Fossil Fuel Interests and Hostile Governments Can’t Stop Clean Energy Future - EcoWatch
2025-04-24 21:01:56,"China approved equivalent of two new coal plants a week in 2022, report finds"
2025-04-24 18:34:01,Suzlon Energy Share Price Gain Despite Weak Market: Renewable Orders Fuel Momentum
2025-04-24 18:22:29,"Discover how solid-state batteries are revolutionizing energy with faster charging, improved safety, and game-changing tech breakthroughs."
2025-04-24 08:00:12,"Xi contrasts China’s clean energy promises with Trump turmoil. China will continue to push forward on the climate crisis, Xi Jinping has said. “No group or government can stop the clean energy revolution. Science is on our side, and the economics have shifted,"" said UN's Guterres at same meeting."
2025-04-24 07:03:18,Can Energy Be Free With Recycling A Prius and Panels?
2025-04-24 06:16:08,A topic in energy that is often overlooked is distributed energy as a national security priority. Would love for you to connect with me and share your thoughts on the topic in LinkedIn if this is an area of interest
2025-04-24 02:44:59,green energy debate
2025-04-24 02:44:34,Green Energy debate
2025-04-24 02:33:36,Why can't (kinetic) energy produced from magnets be stored and utilized for larger applications?
2025-04-24 02:22:12,MN Senate energy bill could dial back landmark climate policies
2025-04-23 21:02:01,"Choosing the right energy supplier isn’t just about cost, it is about support, savings, and sustainability. ⚡ Switch smart, save smarter, and power up your business potential."
2025-04-23 14:41:04,Realistic roles for hydrogen in the future energy transition
2025-04-23 13:26:27,"Green hydrogen is a clean, sustainable energy source. Learn about its production, benefits, cost, and future applications in the energy industry."
2025-04-23 04:15:22,Bass Energy
2025-04-23 04:14:59,"More British households struggling with bills will resort to energy theft, campaigners say"
2025-04-23 02:43:50,"Webinar Power & Gas - Tariffs, Ukraine-Russia talks"
2025-04-22 23:31:10,"US to impose tariffs of up to 3,521% on south-east Asia solar panels | Energy industry"
2025-04-22 23:25:20,Trump Energy secretary: Clean energy tax credits a 'big mistake'
2025-04-22 22:41:05,Could Honda's Fuel-Cell System Find a Home in Space?
2025-04-22 15:57:43,Happy Earth Day. There isn’t a better time to think about switching to Clean Energy…link attached.
2025-04-22 14:42:46,"Discover efficient residential heating and cooling systems, smart thermostats, and duct sealing tips to enhance comfort and reduce energy costs."
2025-04-22 12:28:45,‘Honest folk are paying for this’: the fight against Britain’s billion-pound energy heist
2025-04-22 10:21:16,10 charts prove that clean energy is winning — even in the Trump era
2025-04-22 00:10:58,"These 26 Republicans support preserving IRA energy credits. There are still ways for businesses to lobby for the preservation of IRA credits. Here are all 26 representatives, their contact information, and a link to the public statement they made."
2025-04-21 22:53:48,"I designed a zonal system for India to manage both energy and economic redistribution — independently, yet in sync"
2025-04-21 21:49:44,A record low for total load on New England grid thanks to rooftop solar
2025-04-21 21:44:33,"Trump’s policies could give China the lead in global energy race, say experts. Trump’s trade war rattles oil producers and Beijing extends its cleantech lead while he moves to kill Biden's drive to build a domestic cleantech industry to compete with China. “It will be hard for the US to catch up."""
2025-04-21 21:04:03,Wave Energy Capture as simple as riding a Bicycle
2025-04-21 20:30:44,No Trump Needed—Wind Just Blew It
2025-04-21 19:14:40,Trump tariffs push Asian trade partners to weigh investing in massive Alaska energy project
2025-04-21 17:55:11,Wind energy: expansion rate has increased significantly at the start of 2025
2025-04-21 17:44:06,Would you use an app that helps cut your energy bills without installing any hardware?
2025-04-21 14:44:28,China’s Coal Generation Dropped 5% YOY In Q1 As Electricity Demand Increased
2025-04-21 14:12:32,Why the UK’s electricity costs are so high – and what can be done about it
2025-04-21 04:34:50,"Explore clean energy technology, advanced storage, and sustainable solutions shaping a greener future and driving global economic growth."
2025-04-21 03:08:53,Is there not enough material to fully transition to complete carbon neutral energy?
2025-04-21 02:55:52,Tories and Reform use the steel crisis to knock clean energy. They’re wrong: it will secure all our futures | Ed Miliband
2025-04-21 01:12:12,Lawmakers propose revolutionary use for old oil wells — here's what it could mean for the energy sector
2025-04-20 18:40:47,"For those working in the energy sector, what are some areas where software could potentially help, but is lacking? (recently graduated with an engineering PhD in energy storage modelling and looking for some problems to contribute to)"
2025-04-20 16:49:02,Hydrographic Surveying of Sea Waves for Wave Energy Converters
2025-04-20 03:03:39,"Explore top wind turbine types vertical, horizontal, marine for efficient energy harvesting based on wind speed, location & cost."
2025-04-19 23:02:47,Using liquid air for grid-scale energy storage
2025-04-19 21:05:56,"Trump’s war on clean energy just killed $6B in red state projects. Thanks to Trump 16 new large-scale factories and other projects were cancelled, closed, or downsized. Republican districts have reaped the biggest rewards from Biden's energy policies, but are also taking the biggest hits from Trump."
2025-04-19 20:59:04,Disadvantages of renewable energy source
2025-04-19 13:53:42,China stops buying liquefied natural gas from the US
2025-04-19 11:33:37,Breakthrough technology harnesses clean energy from falling rainwater
2025-04-19 05:24:55,"Trump Tariffs Are Already Threatening America’s ‘Golden Era’ of Oil. Energy Secretary Wright warned that the oil industry faces ""storm clouds on the horizon"" amid Trump's tariff blitz. It's a far cry from the ""golden era of American energy dominance"" that Wright promised shortly after taking office."
2025-04-18 19:15:37,China energy and emissions trends: April 2025 snapshot – Centre for Research on Energy and Clean Air
2025-04-18 18:00:20,"Trump has left Strategic Petroleum Reserve nearly half-empty, despite dip in oil prices and GOP outcry when Biden tapped it"
2025-04-18 14:35:49,"Discover how ground source heat pumps work, their costs, benefits, and efficiency to reduce energy use and support a low carbon lifestyle."
2025-04-18 12:10:37,Big election energy: power debate relentlessly drives Hunter region’s politics
2025-04-18 03:05:19,"""Analysis of the State of the War in Ukraine"""
2025-04-18 02:23:35,STOP THERMAL ENERGY DRILLING
2025-04-18 00:31:04,It’s a common urban myth/media trope that fossil fuel companies buy up and cover alternative energy sources is that based in truth?
2025-04-17 22:36:58,"Britain braces for a Trump hand grenade at London energy summit. The U.K. wants to use an energy security summit next week to showcase its net zero push. Trump’s America just wants to sell fossil fuels. Trump sees the clean energy drive as a strategic threat that empowers its great rival, China."
2025-04-17 22:24:11,"Judge rules against Trump admin after it couldn’t find evidence of fraud in Biden clean energy program. A federal judge ruled against the administration, unfreezing roughly $20 billion in funding. “Here we are, weeks in, and you’re still unable to proffer me any evidence with regard to malfeasance."""
2025-04-17 21:01:51,"Opinion: We need targeted policies, not blunt tariffs, to drive “American energy dominance”"
2025-04-17 20:10:13,The hidden climate costs of exporting U.S. liquefied natural gas
2025-04-17 19:50:37,Paving the way towards a sustainable future or lagging behind? An ex-post analysis of the International Energy Agency's World Energy Outlook
2025-04-17 19:11:55,"Lower electricity prices in Germany spearhead drop in overall energy prices, French electricity pricing up"
2025-04-17 14:35:39,"China's breakthrough in thorium energy and a clean, sustainable solution for the future, reducing reliance on fuels and transforming global energy."
2025-04-17 11:04:47,Judge Orders Federal Agencies to Spend Billions on Infrastructure and Energy
2025-04-17 02:14:31,The smell of toasted rock could spell victory for geothermal energy
2025-04-16 23:00:59,How an Energy Ceasefire Might Help Ukraine
2025-04-16 22:32:54,"Trump energy secretary’s company plunge is a warning for US oil production. Liberty Energy has tumbled 43% this year. All is not well in America’s shale patch. US oil production could stall, or even decline this year, for the first time since the pandemic. US shale is on the brink of major cutbacks."
2025-04-16 21:52:59,"Dozens of employees leaving US EIA, putting crucial energy data at risk, sources say"
2025-04-16 21:51:15,Customers could end up paying for data centers' energy costs in the absence of reform: Experts
2025-04-16 19:35:22,Survey:SDG in your organization
2025-04-16 17:56:40,California battery facility fire raises concerns over energy storage plant regulation
2025-04-16 09:42:42,Renewable and Low-Carbon Sources Accounted for Over 40% of Global Electricity Production in 2024: Report - EcoWatch
2025-04-16 01:32:29,"Keeping cleantech investment alive: With technological, economic and policy challenges mounting, how can we keep energy innovation on track?"
2025-04-16 00:06:10,Another great place to start your education on Hydrogen power.
2025-04-15 22:55:07,"Energy transition creates a race for strategic minerals with 5,000 applications in the Amazon"
2025-04-15 22:21:08,"New Modeling: Unclogging PJM's interconnection queue could save customers $505 per year on energy bills, cut 825 million in carbon pollution"
2025-04-15 21:36:55,Could we use hydrogen to store electricity?
2025-04-15 21:17:57,Back to Russian gas? Trump-wary EU has energy security dilemma. US LNG helped plug the Russian supply gap in Europe during the energy crisis. But since then Trump has rocked relations with Europe by turning to energy as a bargaining chip. Reliance on the US has become a vulnerability.
2025-04-15 21:10:27,"Oil sputters in Trump’s race to ‘energy dominance’. Oil prices are at a four-year low, but it’s not because the US is drilling, baby, drilling. Trump’s escalating trade war is battering the oil industry. Market analysts are now forecasting that oil production growth could slow considerably this year"
2025-04-15 20:29:36,Career crises
2025-04-15 15:27:22,Wind Farms and wind power stations are revolutionizing clean energy with turbines on land or at sea to produce electricity.
2025-04-15 07:48:38,European Students: Win $1M+ in Prizes for Your Deep-Tech Idea at LKYGBPC 2025!
2025-04-15 07:19:31,Wall Outlet Battery?
2025-04-15 04:30:48,Searching for a book to study hydrogen and its contents
2025-04-15 01:38:48,AI’s Carbon Conundrum. The technology that could save the planet might also help burn it
2025-04-14 20:40:08,Intraday power trader
2025-04-14 18:06:33,"clean energy solutions that boost efficiency, support sustainability, and drive innovation for businesses and the environment."
2025-04-14 09:28:50,HR 2596 - Renewable Natural Gas Incentive Act of 2025
2025-04-13 22:23:52,"Discover how energy independence boosts security, cuts costs, and promotes renewables. Learn strategies to reduce fossil fuel reliance."
2025-04-13 21:55:05,Started a weekly energy markets newsletter!
2025-04-12 22:16:01,Different approach to energy storage.
2025-04-12 20:26:35,"Grid-tied Solar System
Discover the benefits, costs, and key features of grid-tied solar systems and how they connect with the main electricity network efficiently."
2025-04-12 08:56:59,This Professor at the Sydney Smart Energy Conference talking about how to make the envorinment cleaner from his studies in Los Angeles
2025-04-12 07:40:12,"Ukraine’s Dangerous Illusion of New Nuclear Energy Nuclear plants are prime targets in wartime Ukraine. Renewables are safer, cheaper—and already on the rise."
2025-04-12 02:41:22,Advice needed: What energy-tech product should we build that fits India’s ground reality and helps us scale sustainably?
2025-04-12 02:23:57,Türkiye: wind and solar power surpasses coal
2025-04-12 00:13:55,"Canada’s Energy Security Depends on Political Coordination, Not Power Lines: Lourie"
2025-04-11 22:40:59,"Discover how inverter systems convert solar energy into usable power, improve efficiency, and support off-grid and sustainable living solutions."
2025-04-11 17:18:41,"Texas energy company wins first-of-its-kind permit to suck carbon out of air, store underground"
2025-04-11 14:08:52,China Halts US LNG Imports as Trade War Reroutes Deliveries
2025-04-11 06:20:14,It’s Time To Liberate American Energy From Climate Dogma
2025-04-11 04:46:19,"Will US Tariffs Make World Leaders Value the Stability of Renewables? “The world runs on imported fossil fuels under the umbrella of the Pax Americana. As Trump destabilizes that, then people will look to their own domestic energy sources, which in most cases means renewables and electrification.”"
2025-04-11 04:36:51,Water turbine
2025-04-11 04:23:32,Tariffs Can’t Stop China’s Clean Energy From Winning the Future. The real action fighting climate change is happening in China. The US—especially with Trump back in office—remains at risk of getting left in the dust as the rest of the world abandons fossil fuels for a brighter future.
2025-04-10 22:41:41,Why Is My Energy Bill Going Up?
2025-04-10 22:13:28,"Discover how photovoltaic cells work, their benefits, materials, and role in clean energy, solar tech shaping a sustainable future."
2025-04-10 20:31:47,A New Michigan Law Countering Local Opposition to Renewable Energy Is Triggering More of the Same
2025-04-10 20:20:53,The Keystone oil pipeline’s shut down could lead to higher gas prices at the pump—and cause ripple effects for groceries
2025-04-10 18:44:51,Home pump and dump geothermal coupled to hydroelectric generator?
2025-04-10 03:11:02,Protecting American Energy From State Overreach
2025-04-09 23:15:29,First Supercritical CO2 Circuit Breaker Debuts
2025-04-09 21:21:25,The New Energy Frontline: Nukes
2025-04-09 19:57:56,"Trump Wants To Revive Coal. The Energy Sector Has Moved On. No new coal plants have been built in the U.S. for more than 10 years. Trump said Wednesday that would change, but didn't say how. ""That's simply not the world we live in."" ""The Trump administration is stuck in the past."""
2025-04-09 19:43:06,"Wood Mackenzie Cuts 5-year US Wind Energy Outlook 40% on Trump Policies. ""We're not going to do the wind thing. Big, ugly wind mills. They ruin your neighborhood."" Former President Biden saw wind power as vital to decarbonizing the US power sector."
2025-04-09 19:35:26,"Clean energy powered 40% of global electricity in 2024, report finds"
2025-04-09 07:55:17,Clariant’s MegaMax 900 catalyst: Powerful start at European Energy’s e-methanol plant
2025-04-09 07:31:44,"Trump's tariff tantrum won't stop the global energy transition. The US share of the global cleantech trade is too marginal to dictate its terms – but the tariffs will harm the US economy and working families.Trump has exposed himself as a bully whose policies are reckless, unreliable and misguided."
2025-04-09 05:05:50,"US, Canada, Mexico, UK, Germany, France, Italy, Brazil, Argentina, Saudi Arabia and more Fuel Powerful Surge in Eco-Friendly Travel Sector with Over Eleven Trillion USD by 2032 - Travel And Tour World"
2025-04-09 05:02:23,Newly added Solar March/April
2025-04-08 23:09:09,"Discover the key advantages of solar energy, clean, cheap, unlimited power that saves money and helps the planet. Learn how to go solar today!"
2025-04-08 21:50:53,"Clean energy surges globally, but has yet to replace fossil fuels: Report"
2025-04-08 21:44:00,"Green Hydrogen For Energy Was A Story We Told Ourselves. The story was so compelling, the coalition so wide, the urgency so real, that for a time, it barely mattered that the physics didn’t cooperate. Now, in 2025, the act is ending. Major energy firms are quietly walking away."
2025-04-08 20:47:31,Global Electricity Review 2025: - World surpasses 40% clean power as renewables see record rise
2025-04-08 20:32:09,Sanctioned Russian Arctic LNG Project Awakens After Winter With Gas Flaring Visible at Both Production Lines
2025-04-08 20:17:05,Besoin de votre regard pro : je bosse sur un mémoire sur les enjeux financiers de la transition énergétique (secteur pétrole & gaz)
2025-04-08 19:14:27,Power-sector CO2 hits ‘all-time high’ in 2024 despite record growth for clean energy
2025-04-08 17:43:59,Renewable energy companies face little regulation in Texas. A state lawmaker wants to change that.
2025-04-08 11:23:32,Trump says EU must buy $350B of US energy to get tariff relief
2025-04-08 06:13:19,"Clean energy powered 40% of global electricity in 2024, report finds"
2025-04-07 23:58:52,What major to choose to enter energy sector
2025-04-07 19:06:28,U.S. crude oil falls below $60 a barrel to lowest since 2021 on tariff-fueled recession fears
2025-04-07 07:37:11,How will this affect natural gas companies
2025-04-07 04:46:46,How Tariffs Could Upend the Transition to Cleaner Energy
2025-04-07 04:39:21,How Trump’s Tariffs Could Hobble the Fastest-Growing Energy Technology
2025-04-07 03:34:10,Trump Promised to Lower Energy Prices—but It Wasn’t Supposed to Be Like This
2025-04-07 00:56:47,"Discover how the clean energy transition is shaping a greener future through innovation, policy, and global cooperation toward sustainability."
2025-04-06 21:08:52,‘Deeply incoherent’: Trump’s Tariffs Are Colliding with Trump’s Energy Agenda. Virtually no part of the U.S. energy and electricity industries will be able to avoid cost increases and significantly longer timelines induced by the new tariffs.
2025-04-06 12:48:03,Wind energy: How to build even better wind turbines
2025-04-06 07:28:32,"Explore sustainable energy solutions, smart planning, and innovative technologies to power your home or community with clean, renewable energy."
2025-04-06 00:55:16,"If China is the global leader in renewables, why is electricity still expensive for the average citizen?"
2025-04-05 22:18:00,Wind Energy in the Philippines Picks Up Speed in South Luzon - CleanTechnica
2025-04-05 22:10:19,Pakistan’s 22 GW Solar Shock: How a Fragile State Went Full Clean Energy
2025-04-05 20:58:38,"Trump energy secretary’s former company crushed by sell-off after Trump tariff escalation. Liberty Energy shares tumbled over 30% in just two days, as the oilfield services company founded by Chris Wright comes under heavy selling pressure. “The U.S. shale patch are not going to be happy with this.”"
2025-04-05 20:46:58,About the relatively recent panic over gas prices.
2025-04-05 06:03:58,"Discover how solar energy storage works, its benefits, top technologies, and why it’s key for using solar power day and night, all year round."
2025-04-05 05:30:23,"Germany is going big on green energy! ✨ With a €5 billion hydrogen and decarbonization subsidy, industries like steel and chemicals are set to transform, slashing emissions and driving the EU closer to climate goals."
2025-04-05 05:18:31,Terminology: hydro/wave/tidal
2025-04-05 04:54:55,Energy Department considers more than 40 percent of its staff non-essential as layoffs loom
2025-04-05 04:30:40,Egyptian biomass pellets
2025-04-05 02:28:27,Chart: Top 15 states where IRA repeal could raise energy bills
2025-04-05 02:27:14,What Trump’s tariffs mean for the renewable energy transition
2025-04-05 01:50:10,Looking for Energy Forums
2025-04-05 00:00:20,Trump promised to slash energy prices. How’s that going? Tariffs shaking up the US and global economy point in the direction of higher costs for energy and clean tech manufacturing. Shares for power companies plummeted after Trump announced higher-than-expected tariffs on US trading partners.
2025-04-04 07:31:19,"Discover the key renewable energy sources, their benefits, challenges, and future impact. Learn how solar, wind, and hydropower drive sustainability."
2025-04-04 06:36:11,This subreddit should be called energy politics. Am I wrong?
2025-04-04 04:05:35,Am I making a mistake ?
2025-04-03 23:57:34,Speaking at COP30 or Davos
2025-04-03 23:15:07,"How Trump’s Tariffs Could Hobble the Fastest-Growing Energy Technology. Across the country, companies have been installing giant batteries that help them use more wind and solar power. That’s about to get much harder. “Bad for business, bad for grid reliability.”"
2025-04-03 21:46:29,Bipartisan bill to boost green building materials glides through House
2025-04-03 21:28:07,Dissertation Research on UK Energy Storage systems
2025-04-03 21:17:13,Making a thermoelectric generator
2025-04-03 21:13:09,"In Early 2024, Conagra Brands and Bloom Energy launched an unprecedented partnership to install state-of-the-art solid oxide fuel cell (SOFC) technology at its Findlay, Ohio food facilities....READ More"
2025-04-03 19:35:35,U.S. uranium production in 2024 was highest in six years - U.S. Energy Information Administration (EIA)
2025-04-03 05:59:57,Today is liberation day according to trump and apparently according to him its gonna make prices  lower (it wont) what are your opinions as to how this is gonna affect the  energy industry?
2025-04-03 01:19:46,New research estimates that the 34 largest Bitcoin mining operations in the United States consumed more electricity in 2022 than all of Los Angeles combined. 85% of the electricity came from fossil fuels and exposed 1.9 million Americans to more than 0.1  μg/m3 of additional PM2.5 pollution.
2025-04-03 00:12:14,"""There's no such thing as baseload power"""
2025-04-03 00:11:45,"Coal layoffs leave Wyoming community grappling with good, bad of energy transition"
2025-04-02 21:31:30,"France is making waves in the clean energy world! Lorraine has uncovered a second massive deposit of natural hydrogen, offering a zero-carbon fuel source with game-changing potential. Could this be the breakthrough we need for a greener future?"
2025-04-02 17:04:32,The historian Jean-Baptiste Fressoz says that the transition to carbon free energy sources is impossible and that it’s almost unheard of to have a “energy transition”. How right is he?
2025-04-02 08:57:03,The Economic Impacts of the Ukraine War: focus on Russian Energy
2025-04-02 00:34:41,"Charging Down. Trump is on a mission to reverse all of Biden’s support for renewable energy and electrification. These attacks are hitting red states. Hard. Unfortunately, it’s not clear whether anyone cares. “No one should bank on Republican elected officials... suddenly becoming responsible."""
2025-04-01 23:49:14,"UK: Rebel Energy goes bust leaving 90,000 customers without supplier"
2025-04-01 22:04:22,"Title: Need Advice on How to Convince Clients in a Call Center (Energy Renovation) Hello everyone, I work in a call center in Belgium"
2025-04-01 21:54:35,"Trump’s Department of Energy targets California and other blue states for budget cuts, according to internal documents"
2025-04-01 21:40:46,"Discover how long solar panels last, why efficiency declines, and how to extend their lifespan for maximum energy savings and sustainability."
2025-04-01 16:35:55,Fortum CEO: New nuclear plant would require doubling electricity prices | Yle News
2025-04-01 13:08:13,Seeking Insights from Real Estate & Energy Experts: AI-Powered Smart Grid Survey (2-Minutes)
2025-04-01 09:04:09,Trump forces Canada to rethink trade and energy flows
2025-04-01 06:26:21,No to Nuclear in Australia.
2025-04-01 04:46:01,"Trump moves goalposts for farmers counting on clean energy grants. The USDA is demanding grant rewrites favoring fossil fuels over renewables, leaving rural recipients doubtful they’ll ever see the money they were promised. “Donald Trump and Elon Musk are scamming our farmers.”"
2025-04-01 02:39:05,How much kwh of electricity per month is normal?
2025-03-31 21:32:55,"Bulgaria is stepping into the green energy spotlight! ⚡ With a €15M Hydrogen Centre of Excellence in the works, the country is gearing up to produce and export green hydrogen across Europe. Could this make Bulgaria a clean energy leader by 2030?"
2025-03-31 16:45:40,Russia Conducts Rare Double Ship-to-Ship LNG Transfer to Circumvent Latest EU Sanctions
2025-03-31 12:57:35,"Renewable energy means we can stop setting money on fire, silly billy"
2025-03-31 12:23:14,Engineering career trajectory advice in renewable energy
2025-03-31 05:13:42,Global sales of combustion engine cars have peaked
2025-03-31 02:20:38,"Australia forecasts hit to resource, energy export earnings from lower US dollar"
2025-03-30 22:18:21,Mechanical Engineer in Energy Auditing
2025-03-30 21:13:50,Harnessing Solar Heat for On-Demand Electricity Generation
2025-03-30 20:16:42,"Explore off-grid solar systems for energy independence. Learn about solar panels, batteries, and key factors for a sustainable, self-sufficient home."
2025-03-30 10:24:34,Reforming Energy Efficiency Programs to Increase Heat Pump Adoption
2025-03-30 05:32:00,"Turning wood waste into hydrogen AND fighting climate change? ⚡ Mote Hydrogen’s innovative tech captures CO2 while producing clean energy, taking sustainability to the next level. Curious how this could revolutionize climate action?"
2025-03-30 02:08:34,"Global Energy Demand Grew Last Year: Electricity Increased, Oil Decreased"
2025-03-29 23:09:16,"Discover how net metering lets you save on energy bills, sell excess solar power back to the grid, and support renewable energy solutions."
2025-03-29 22:22:56,"Trump claims offshore wind energy is driving whales ‘loco.’ Scientists disagree. NOAA says there’s no tie between offshore wind and whale strandings. ""There is no evidence linking whale deaths to offshore wind farms or 'windmills'."""
2025-03-29 22:16:06,"Dems and Fossil Fuel Execs Agree on One Thing: Hating Donald Trump. Oil and gas CEOs rip into the president over the “chaos” and “uncertainty” produced by his policies. Trump's half-baked plan for “US energy dominance” could hurt their bottom line. “Our investors hate uncertainty."""
2025-03-29 18:06:19,Trump administration cancels clean energy grants as it prioritizes fossil fuels
2025-03-29 17:57:09,Dutton refuses to release energy price cut modelling as protesters target his campaign
2025-03-29 16:10:04,Do you know Chinese five elements?  What’s Your Energy Type?
2025-03-29 09:38:23,"Economic Growth Now Depends on Electricity, Not Oil - WSJ"
2025-03-29 00:36:02,Solar for shed?
2025-03-29 00:15:03,"Dallas Fed Energy Survey ,Comments from Survey Respondents"
2025-03-28 23:13:23,"Trump pushes for near-total control of Ukraine’s minerals and energy in huge increase on earlier demands. US deal sets out fresh demands and includes no security guarantees for Ukraine. “There are no guarantees, no defence clauses, the US puts up nothing. I’ve never seen anything like it before."""
2025-03-28 23:05:33,How Much Did Your Solar System Actually Save You? – Real Savings VS. Sales Reps Claim
2025-03-28 22:44:08,Interconnection is a bottleneck. Policy is slow. But this founder built software now used to model 10% of the U.S. backlog — listen in.
2025-03-28 21:48:26,‘The heat you need at a reasonable price’: how district heating can speed the switch to clean energy
2025-03-28 21:10:53,"A new ""Made-in-Canada"" policy proposal outlines how energy-efficient homes, stronger EV networks, and a clean electricity grid could reshape Canada’s energy future."
2025-03-28 20:31:33,"UK bill payers still vulnerable to another energy crisis, watchdog warns"
2025-03-28 19:06:15,"Clean energy generates major economic benefits, especially in red states"
2025-03-28 17:14:12,"China’s Installation Rush Expected to Drive Up Solar Industry Prices in 2Q25, Says TrendForce"
2025-03-28 00:30:47,Financial modeling
2025-03-27 22:56:29,"Oil executives slam Trump's tariffs in latest Dallas Fed survey. “The administration’s chaos is a disaster for the commodity markets. ’Drill, baby, drill’ is nothing short of a myth and populist rallying cry. We need stability."" “This is not ‘energy dominance.’"""
2025-03-27 21:32:27,"Big strides for green energy! The Port of Açu in Brazil is set to produce 1 million tons of green ammonia annually by 2030. This game-changing project fuels decarbonization, powers clean agriculture, and even revolutionizes shipping! ⚡ #GreenAmmonia #CleanEnergy #Sustainability"
2025-03-27 00:10:11,Project near completion 😊
2025-03-26 23:58:43,"DOE withdraws, postpones multiple energy efficiency rules. The decision to withdraw a rule related to electric motors is “uncharted territory.” The rule was expected to save businesses up to $56 billion and reduce emissions. The natural gas sector hailed the announcement as a win for consumer choice"
2025-03-26 23:55:10,Industry groups express concerns that tariffs will disrupt free flow of energy
2025-03-26 23:49:11,"Renewable Energy Jumps to a New High, Powered by China Solar Boom"
2025-03-26 21:31:47,"Turning cow manure into clean hydrogen fuel? Yes, it’s happening! With tech like methane pyrolysis and biogas conversion, waste is becoming a powerful tool against emissions. A greener future starts with innovation like this! ✨⚡ #CleanEnergy #WasteToEnergy #HydrogenInnovation"
2025-03-26 18:30:48,Trading house bosses see long route back for Russian energy
2025-03-26 18:13:59,Energy Department considering cutting hydrogen projects in Democratic states
2025-03-26 14:56:39,"In 50 of 82 Days in 2025, Solar, Wind, & Water Surpass 100% of Electricity Demand in California for Part of Day - CleanTechnica"
2025-03-26 14:01:30,"Discover the future of clean energy with green hydrogen its benefits, production process, global leaders and challenges in adoption and cost reduction"
2025-03-26 11:15:05,Resonate Energy Conceptual Breakthrough! Need hype to share! Please HELP
2025-03-26 06:30:51,USDA Rural Energy funds released
2025-03-26 03:20:31,"Energy Industry in Atlanta, Georgia?"
2025-03-26 02:34:06,Energy demand soared in 2024 as heat waves drove consumption
2025-03-26 02:23:49,Why foreign companies are driving Canadian LNG projects
2025-03-26 00:17:37,"The Doublespeak of Energy Secretary Chris Wright. In his confirmation hearing, the Liberty Energy founder pledged broad support for renewable energy. But when speaking to conservatives, he declared, “The world simply runs on hydrocarbons and for most of their uses, we don't have replacements.”"
2025-03-25 23:26:12,More lies & disinfo campaigning by Trump team to kill energy programs
2025-03-25 21:20:15,Multiple new reports show that repealing IRA/IRA programs will increase energy costs
2025-03-25 20:36:37,Texas Senate Votes To Shred Renewable Energy Rules
2025-03-25 19:06:17,Can cities ban natural gas in new buildings? A federal judge just said yes.
2025-03-25 15:55:47,"Discover the potential of bioenergy as a sustainable, renewable energy source. Learn about its sources, challenges and how it compares to fossil fuels"
2025-03-25 15:30:36,India's energy policy stuck between renewables and fossil fuels
2025-03-25 11:25:21,Steve Marshall joins AGs pushing to revitalize coal industry to power America's energy grid - Yellowhammer News
2025-03-25 01:17:03,Oil's share of total global energy demand drops to below 30% — IEA
2025-03-24 23:27:50,Taiwan's Energy Nightmare
2025-03-24 21:29:40,China's oil demand peaking & others
2025-03-24 19:33:49,"Texas Senate passes bill to upend energy market, spur gas over renewables"
2025-03-24 18:43:41,Treating Texas’ Oilfield Wastewater Could Require More Energy Than Most U.S. States
2025-03-24 17:50:18,The Oil Oligarch Shaping Trump’s Energy Strategy (Gift Article)
2025-03-24 13:49:33,Growth in global energy demand surged in 2024 to almost twice its recent average - News - IEA
2025-03-24 05:47:55,Hundreds of Michigan clean energy projects wait years to plug in. Most never do
2025-03-24 02:06:04,Vertical Axis Wind Turbines Are Revolutionizing Renewable Energy
2025-03-23 20:47:28,"Discover how high-capacity batteries power modern life, from electric vehicles to renewable energy, and explore their challenges, impact, and future."
2025-03-22 22:18:53,"Discover how geothermal power plants harness Earth's heat for clean energy. Learn about types, benefits, challenges, and future potential."
2025-03-22 20:31:37,A Piece of Glass Thinner Than a Credit Card Could Solve America’s $25 Billion Energy Problem
2025-03-22 19:47:45,Chart: These states get more power from clean energy than coal
2025-03-22 01:56:29,Energy Technology Marketing Survey
2025-03-21 22:50:27,How Quickly Can Your Solar Investment Pay Off? Share Your Payback Period Experiences!
2025-03-21 22:32:40,"how wind turbines convert wind into electricity, their benefits, types, and challenges. Discover the future of renewable energy today!"
2025-03-21 22:32:06,"️ A breakthrough in hydrogen safety! The new organic semiconductor sensor detects leaks fast, affordably, and with incredible accuracy. Making hydrogen energy safer for homes, industries, and transportation! #HydrogenSafety #CleanEnergyTech #Innovation #RenewableEnergy #FutureTech"
2025-03-21 21:37:39,Chinese oil companies on the crossroads in overseas acquisitions
2025-03-21 18:47:12,"In 2024, More Electricity Than Ever Came From Renewable Sources"
2025-03-21 06:21:56,"Repealing the Inflation Reduction Act could wipe $160 billion off US GDP. A full repeal this year would cause significant damage to the US economy, triggering nearly 790,000 job losses by 2030 and reducing GDP by more than $160 billion. Household energy bills could increase $370 per year on average."
2025-03-21 00:02:25,Tariff report: Energy costs to rise in New York
2025-03-20 22:57:24,"The latest breakthroughs in solar technology improved efficiency, cutting-edge materials, and cost-effective innovations reshaping renewable energy."
2025-03-20 22:34:16,Trump Wants to Take Over Ukraine’s Nuc1ear Plants. What Would That Mean? The White House said taking ownership of Ukrainian plants would give them the “best protection.”  The idea surprised officials and energy experts in Kyiv. “I expect there would be great resistance to this idea in Ukraine.”
2025-03-20 22:00:08,"Seling energy data, I can't get people's full interest after the trial"
2025-03-20 21:13:17,What are the most promising solutions to the energy storage problem?
2025-03-20 19:57:22,Iran mandates solar panels in government offices to tackle energy shortage.
2025-03-20 19:20:46,"Three years into the Ukraine war, is Europe’s energy system cleaner?"
2025-03-20 17:39:15,Energy from Waste - Variable Operating Costs
2025-03-20 14:38:49,Does anyone know a database for investments in energy sector startups?
2025-03-20 09:04:05,possible upcoming recessions impact on energy
2025-03-20 07:10:43,Greenpeace ordered to pay more than $660m for defaming oil firm in protests
2025-03-19 22:25:51,California renews partnership with Mexican state on clean energy development
2025-03-19 22:19:35,4 technologies that could power the future of energy
2025-03-19 21:55:42,Trump to meet oil executives to discuss energy agenda as tariffs weigh on prices
2025-03-19 20:44:10,US X China: What's your opinion considering the energy's perspective?
2025-03-19 20:33:05,Need Guidance on Energy Sector Roles – Energy Analyst vs. Electricity Trading Analyst
2025-03-19 19:51:45,"Trump’s pick to lead clean energy office has deep oil industry ties. Trump has nominated an oil and gas executive with no prior experience in clean energy, to lead the DOE's Office of Energy Efficiency and Renewable Energy. ""...no different than putting an arsonist in charge of the fire department.”"
2025-03-19 18:44:15,Oil slips as Putin agrees 30-day halt on energy facility strikes
2025-03-19 17:44:00,"Without wind, solar and battery storage, Australian households and businesses would have faced wholesale electricity prices up to between $30/MWh and $80/MWh higher than they were last year, and paid an estimated $155 – $417 more for household electricity bills’."
2025-03-19 16:37:42,UK and India partner to boost clean energy and net-zero goals
2025-03-19 10:03:06,JPMorgan Eye on the (Energy) Market
2025-03-19 09:00:59,RWE expands partnership with GE Vernova to secure U.S.- made components for two energy projects
2025-03-19 04:58:44,"Is solar, wind plus batteries, really the Future of energy?"
2025-03-19 01:55:42,The most innovative companies for energy in 2025
2025-03-19 00:39:34,"Newsom advances cross-border climate, clean energy partnership with Sonora, Mexico"
2025-03-19 00:12:46,Trump chills clean energy manufacturing boom. Trump’s anti-clean energy agenda is weighing on the sector. Canceled manufacturing projects so far in 2025 totaled roughly $8 billion. Some CEOs have opted to wait and see. “I need to ensure that the rug is not pulled from under my feet.”
2025-03-18 22:45:16,"Trump pushes for 'beautiful, clean coal' to boost US energy, counter China.Trump has announced plans to restart coal-based energy, saying that environmental policies have held the US back. ""I am authorizing my Administration to immediately begin producing Energy with BEAUTIFUL, CLEAN coal."""
2025-03-18 22:44:20,"Discover how LED lights enhance energy efficiency, last longer, and reduce environmental impact while offering bright, sustainable illumination."
2025-03-18 16:10:47,"UK pushes China on climate action amid global energy shifts. Germany, the US, and Russia may be engaged in discussions about resuming Russian energy supplies, if the war in Ukraine ends."
2025-03-18 15:35:19,Endgame for the energy transition
2025-03-18 14:29:06,Solar-based cogeneration?!
2025-03-18 11:02:28,Underwater turbines in Normandy to generate electricity from the tides
2025-03-18 06:13:19,How Russia’s Security Service FSB Gained Control Over the Yamal LNG Fleet Reportedly Setting Up Covert Cargo Operations
2025-03-18 03:25:28,Comptroller: Federal cuts threaten New York’s clean energy future
2025-03-17 22:39:47,"A Reality Check on Our ‘Energy Transition’ By Andrew Nikiforuk,"
2025-03-17 22:03:10,"H2Hub Summit 2025 – March 19, 2025 | Virtual Event The Department of Energy’s (DOE) hydrogen funding is frozen—and the energy sector is left scrambling....READ More"
2025-03-17 21:54:03,"Traditional energy sources oil, gas, and coal are facing growing challenges driven by environmental concerns, technological advancements and shifting economic priorities. The pressing question is: can fossil fuels maintain their dominance or is the future undeniably shifting toward renewable energy?"
2025-03-17 21:20:18,"The Republicans Pushing Trump to Save Biden’s Clean Energy Tax Credits. Some Republicans are making the case that supporting renewable energy is squarely in line with Trump’s “energy dominance” agenda, despite the president’s rallying against what he calls the “green new scam.”"
2025-03-17 21:15:24,"Want Cheap Power, Fast? Solar and Wind Firms Have a Suggestion. As Trump works to blunt the growth of US wind and solar power, the renewable energy industry is making a new pitch: You need us. “If you take renewables and storage off the table, we’re going to force electricity prices to the moon."""
2025-03-17 18:19:09,Energy: How to Build Compute in America
2025-03-17 08:51:57,Are we moving fast enough on clean energy deployment?
2025-03-17 05:13:53,Quick question
2025-03-17 04:07:21,Energy production in the US has renewables on the climb and dirty Energy on the slope in spite of Trumps opposition. Each unit of energy has never been so clean.
2025-03-17 03:54:36,China's Marshall Plan for energy (video)
2025-03-17 00:39:19,"Why the Trump administration is wrong about an energy crisis in the US, according to experts. Trump is ""disingenuously"" using the rhetoric of an energy crisis to promote fossil fuels. ""There's no crisis or emergency by any conventional standard or use of the word."" The world doesn't need more oil."
2025-03-16 21:49:38,"Debunking The Myth: Surplus Renewable Electricity Will Not Make Hydrogen Cheap. For hydrogen production to be economically viable, capital-intensive electrolyzers need consistently high utilization rates. Surplus electricity from renewables is, by nature, intermittent and unpredictable."
2025-03-16 08:09:03,Off-river PHES: Unlimited energy storage in Europe
2025-03-16 06:24:02,"Discover how cutting-edge ship technologies are transforming maritime travel with smart systems, clean energy, and advanced entertainment onboard."
2025-03-15 22:46:24,"Republicans’ reckless assault on clean energy will cost them. Some Republicans warned that repealing clean energy investments would drive up energy bills, kill manufacturing jobs and be a disaster for businesses in their districts. But Speaker Johnson made it clear that tax cuts are the top priority"
2025-03-15 22:37:21,"Trump's Nord Stream 2 Gambit Puts Europe's Energy Future Back in Putin's Grip. It’s a reckless move that risks undoing years of Europe’s hard-fought energy resilience, dragging the continent back into Moscow’s grip. Europe has learned the hard way that Moscow was never a reliable energy partner."
2025-03-15 21:31:48,Coal-Powered Energy Finally Overtaken by Wind and Solar in the US
2025-03-15 18:32:09,Thinking About Solar in 2025? Here’s What You Should Know! ☀️ 🔋
2025-03-15 18:22:41,US approves $5 billion loan to TotalEnergies for Mozambique gas project
2025-03-15 11:39:06,Trump presses to build gas pipeline that could cut CT household energy bills by thousands of dollars
2025-03-15 08:05:54,Trump's Solar energy Sabotage: Can He Kill Solar Panel Tax Credits?
2025-03-15 03:44:36,DA/RT Markets vs. Capacity Markets
2025-03-15 01:32:33,Covering every roof with solar could supply 2/3 of global electricity - study
2025-03-14 20:38:38,"As energy demand soars, Texas lawmakers face big decisions"
2025-03-14 00:08:22,Renewable Energy Research Survey
2025-03-13 22:50:53,"Trump whines about who signed deal to allow Canada to supply energy to the US – it was him. “Why would our Country allow another Country to supply us with electricity, even for a small area?” The decision was part of the USMCA negotiated by Trump."
2025-03-13 19:30:18,France finds $92Trillion of White Hydrogen
2025-03-13 17:00:39,Survey for High School Symposium Research
2025-03-13 15:31:39,The Real Struggles of Solar System Maintenance 🌞🔧
2025-03-13 13:26:34,"Indonesia unveils world’s third-largest floating solar plant. The country has made remarkable progress in expanding electricity access. The number of people without electricity dropped from 100 million in 2000 to around 23 million in 2016, even as the population grew."
2025-03-13 10:23:17,"Discover how technology fuels sustainability through renewable energy, smart cities, and resource efficiency, shaping a greener, brighter future."
2025-03-13 01:28:16,A New Bill Would Allow Duke Energy to Retreat From North Carolina’s Ambitious Climate Goals
2025-03-13 01:15:58,EPA Director is living in the past
2025-03-13 00:52:30,Wood pellets are they green? And an effective source energy vs alternatives
2025-03-12 23:32:29,"US energy industry is putting profits over people, advocates say"
2025-03-12 22:47:18,"Trump Has No Plan to Lower Energy Bills. Trump’s deranged cycle of retaliatory tariffs and annexation threats are shockingly not lowering energy bills. ""Americans deserve a serious strategy to lower energy costs, not this dangerous mix of economic sabotage and authoritarian delusion.”"
2025-03-12 14:57:01,Five partner nations to plan Europe’s largest Green Energy Corridor
2025-03-12 13:42:37,"When electricity prices are negative, why not just get rid of it ?"
2025-03-12 10:28:25,Solar Energy: The Treasure That Lights Up Our Lives
2025-03-12 04:39:03,Trump reverses new tariffs threat on Canada after Ontario rescinds electricity charges
2025-03-12 02:15:20,US energy secretary says global warming a side effect of modern economy
2025-03-12 01:24:37,Ontario suspends 25 per cent export tax on electricity sent to U.S.
2025-03-12 00:14:04,Microsoft is open to using natural gas to power AI data centers to keep up with demand
2025-03-11 22:34:59,"U.S. could reach deal with Canada that avoids oil and gas tariffs, energy secretary says"
2025-03-11 22:01:38,A Trumpian Chill Has Descended on the Clean Energy Economy | Call it the “green freeze.”
2025-03-11 20:45:47,Oil and gas executives roll back green energy pledges as they celebrate Trump. “We can all feel the winds of history in the sails of our businesses again.” The executives’ bullish outlook glosses over some realities. 93 percent of new energy added to the grid in 2024 came from green sources.
2025-03-11 20:34:13,"Solar adds more new capacity to the US grid in 2024 than any energy source. The US installed 50GW of solar capacity in 2024, the largest single year by any energy technology in over two decades. “Solar and storage can be built faster and more affordably than any other technology."""
2025-03-11 17:38:38,How the energy industry is responding to Trump tariff uncertainty
2025-03-11 06:45:27,Tv
2025-03-11 05:29:08,Discussion - Renewable energy for electricity in Australia
2025-03-11 04:23:32,Ontario slaps 25% tax increase on electricity exports to US in response to Trump's trade war
2025-03-11 03:38:48,People living near new pylons in Great Britain could get £250 a year off energy bills
2025-03-11 01:57:00,Republican Congressional support of clean energy tax credits is growing
2025-03-10 23:05:48,Canada hikes electricity bills by 25% for three US states in trade war
2025-03-10 20:44:44,"Energy Secretary Chris Wright vows to reverse Biden climate policies, says renewables can't replace natural gas"
2025-03-10 19:39:30,Ontario tax on electricity sent south of the border takes effect today
2025-03-10 19:21:16,The cheapest way to supercharge America’s power grid
2025-03-10 10:20:43,is coal on a way for a comeback yes or no?
2025-03-10 08:25:42,Energy industry meets after Trump tears up US green agenda
2025-03-10 06:45:07,"Trump’s ‘energy emergency’ is just a giveaway to Big Oil. There is no clear emergency. In fact, the executive order’s definition of “energy” excludes energy generated from wind and solar, as well as efforts to conserve energy—all of which were major parts of the Biden’s energy strategy."
2025-03-10 04:47:23,"Solar Energy Leads the Growth, Marking a 26.9% Increase This Year"
2025-03-10 03:45:33,How Natural Gas Became America’s Most Important Export
2025-03-09 16:18:08,Energy goliaths such as BP and Shell ramp up oil operations
2025-03-09 10:57:56,"China's Power Grid Clean-Up Puts Several US Systems to Shame, Carbon Intensity of China’s Grid Likely to Fall Below US by 2030"
2025-03-09 01:51:03,"🔋 Explore the latest in battery tech! From lithium-sulfur to metal hydrogen, discover the future of fast-charging, high-energy batteries. 🚀"
2025-03-09 01:48:40,Impact of Trump 2.0 on Southeast Asia’s energy politics
2025-03-09 01:38:42,Canadian Energy Tariffs Aren't Scary
2025-03-08 22:28:08,"Trump’s energy policies have cost thousands of clean energy jobs. Since Trump was elected, 42,493 announced jobs — representing more than $57B in investment — and 64 projects have been stopped or stalled, according to a new analysis. “America is losing nearly a thousand jobs a day because of Trump."""
2025-03-08 22:11:24,China plans to build enormous solar array in space — and it could collect more energy in a year than 'all the oil on Earth'
2025-03-08 21:29:49,"Fossil Fuels Are the Future, Trump Energy Secretary Tells African Leaders. “We’ve had years of Western countries shamelessly saying don’t develop coal, coal is bad,” Wright said. “That’s just nonsense, 100 percent nonsense. Coal transformed our world and made it better.”"
